{
    "title": "applications",
    "type": "object",
    "properties": {
        "id": {
            "type": "integer",
            "description": "Primary key, auto-increment"
        },
        "brand_name": {
            "type": "string",
            "description": "Brand name"
        },
        "email": {
            "type": "string",
            "description": "Contact email"
        },
        "monthly_revenue": {
            "type": "string",
            "description": "Monthly Amazon revenue"
        },
        "current_acos": {
            "type": "string",
            "description": "Current ACOS percentage"
        },
        "status": {
            "type": "string",
            "description": "Application status: pending, approved, rejected",
            "default": "pending"
        },
        "created_at": {
            "type": "string",
            "format": "date-time",
            "description": "Submission timestamp"
        }
    },
    "required": [
        "id",
        "brand_name",
        "email",
        "monthly_revenue",
        "current_acos"
    ]
}