{
    "title": "audit_requests",
    "type": "object",
    "properties": {
        "id": {
            "type": "integer",
            "description": "Primary key, auto-increment"
        },
        "full_name": {
            "type": "string",
            "description": "Full name"
        },
        "email": {
            "type": "string",
            "description": "Contact email"
        },
        "brand_name": {
            "type": "string",
            "description": "Brand name"
        },
        "monthly_revenue": {
            "type": "string",
            "description": "Monthly Amazon revenue"
        },
        "current_acos": {
            "type": "string",
            "description": "Current ACOS percentage"
        },
        "file_uploaded": {
            "type": "boolean",
            "description": "Whether search term report was uploaded",
            "default": false
        },
        "status": {
            "type": "string",
            "description": "Request status: pending, in_progress, completed",
            "default": "pending"
        },
        "created_at": {
            "type": "string",
            "format": "date-time",
            "description": "Submission timestamp"
        }
    },
    "required": [
        "id",
        "full_name",
        "email",
        "brand_name",
        "monthly_revenue",
        "current_acos"
    ]
}